Parameter,Best_Value
x1,1411.73
x2,-0.199876
x3,20.2026
x4,12.0001
Best_Train_NSE,0.43461314
