Parameter,Best_Value
K,0.30871245
B,0.98510087
IM,0.2766585
UM,0.47055727
LM,0.66499776
DM,0.7020487
C,0.7899922
SM,0.62878513
EX,0.9614423
KI,0.42913705
KG,0.81693137
CS,0.82827216
L,0.39994156
CI,0.9735306
CG,0.90949744
Best_Train_NSE,0.4004119
