{
  "metrics": {
    "gr4j": {
      "Bias": -18.060381058826344,
      "NSE": 0.37689627476093324,
      "RMSE": 181.7822761382846
    },
    "lstm": {
      "Bias": 28.384267346569725,
      "NSE": 0.605783919526957,
      "RMSE": 144.59009097590626
    },
    "rf": {
      "Bias": 17.27920772797653,
      "NSE": 0.7330815913702731,
      "RMSE": 118.97634596843275
    },
    "xinanjiang": {
      "Bias": -79.32272734060282,
      "NSE": 0.33965964821936356,
      "RMSE": 187.13511204530172
    }
  }
}