{
  "cycle": {
    "dominant_period_days": 359.6372549019607,
    "dominant_period_hours": 8631.294117647058,
    "top_frequencies": [
      0.00011585748166725732,
      1.3630291960853802e-05,
      4.089087588256141e-05,
      0.00010222718970640351,
      0.00029986642313878365,
      0.0010767930649074504,
      0.0011994656925551346,
      4.770602186298831e-05,
      5.452116784341521e-05,
      0.00012267262764768423
    ],
    "top_periods_hours": [
      8631.294117647058,
      73366.0,
      24455.333333333332,
      9782.133333333333,
      3334.8181818181815,
      928.6835443037974,
      833.7045454545454,
      20961.714285714286,
      18341.5,
      8151.7777777777765
    ],
    "top_powers": [
      3486078.9236413785,
      2337872.365587644,
      2243258.8053381657,
      1924906.9198369724,
      1838611.6654296683,
      1699477.127759753,
      1675751.6187360496,
      1606982.264119405,
      1482215.5605222648,
      1372077.0356080427
    ]
  },
  "mutation": {
    "change_point_index": 32262,
    "change_point_timestamp": null,
    "has_mutation": true,
    "mean_after": 245.54551895256398,
    "mean_before": 201.85636102850012,
    "p_value": 0.0,
    "statistic": 1030466717.0
  },
  "trend": {
    "intercept": 204.7664107674662,
    "kendall_tau": 0.10119301622525717,
    "p_value": 0.0,
    "significant": true,
    "slope": 0.00042489641135279126,
    "trend_direction": "increasing"
  }
}